player_id,name,position,age,career_span_years,peak_value_eur,value_cagr,value_multiplier_x,post_peak_decline_pct,goals,assists,minutes_played,days_missed,games_missed,sentiment_score,sentiment_label,current_value_eur
418560,Erling Haaland,€200.00m,25.0,8.97,200000000,1.1591,1000.0,0.0,262.0,57.0,2746.0,277.0,56.0,0.054,Positive,200000000.0
433177,Bukayo Saka,€130.00m,24.0,6.21,150000000,0.6005,21.43,13.33,0.0,0.0,0.0,212.0,35.0,0.014,Neutral,130000000.0
357662,Declan Rice,€120.00m,27.0,8.13,120000000,0.9625,240.0,0.0,31.0,36.0,13273.0,30.0,11.0,0.125,Positive,120000000.0
568177,Cole Palmer,€120.00m,23.0,4.73,130000000,2.1871,260.0,7.69,0.0,0.0,0.0,167.0,25.0,0.17,Positive,120000000.0
349066,Alexander Isak,€120.00m,26.0,9.48,140000000,0.8253,350.0,14.29,144.0,30.0,3476.0,337.0,67.0,0.036,Neutral,120000000.0
687626,Moisés Caicedo,€110.00m,24.0,5.94,110000000,2.6547,2200.0,0.0,0.0,0.0,0.0,38.0,10.0,0.227,Positive,110000000.0
598577,Florian Wirtz,€110.00m,22.0,5.42,140000000,0.5563,14.0,21.43,0.0,0.0,0.0,386.0,69.0,-0.031,Neutral,110000000.0
495666,William Saliba,€90.00m,24.0,7.13,90000000,0.6116,30.0,0.0,0.0,0.0,0.0,352.0,67.0,0.1,Positive,90000000.0
478573,Ryan Gravenberch,€90.00m,23.0,7.18,90000000,0.4955,18.0,0.0,0.0,0.0,0.0,128.0,24.0,0.049,Neutral,90000000.0
648195,Enzo Fernández,€85.00m,25.0,4.83,85000000,0.8823,21.25,0.0,0.0,0.0,0.0,65.0,12.0,0.032,Neutral,85000000.0
451276,Dominik Szoboszlai,€85.00m,25.0,8.44,85000000,1.0488,425.0,0.0,0.0,0.0,0.0,288.0,59.0,0.06,Positive,85000000.0
534033,Alexis Mac Allister,€85.00m,27.0,8.17,100000000,0.9965,333.33,15.0,0.0,0.0,0.0,142.0,14.0,0.033,Neutral,85000000.0
709726,Hugo Ekitiké,€85.00m,23.0,4.92,85000000,1.972,212.5,0.0,0.0,0.0,0.0,92.0,20.0,0.0,Neutral,85000000.0
406635,Phil Foden,€80.00m,25.0,7.93,150000000,0.4183,30.0,46.67,121.0,74.0,5525.0,183.0,31.0,0.022,Neutral,80000000.0
1056993,Estêvão,€80.00m,15.0,2.0,80000000,1.8345,8.0,0.0,33.0,19.0,1938.0,47.0,10.0,0.02,Neutral,80000000.0
316264,Martin Ødegaard,€75.00m,16.0,11.35,110000000,0.4114,73.33,31.82,72.0,80.0,10400.0,339.0,58.0,0.15,Positive,75000000.0
423440,Martín Zubimendi,€75.00m,17.0,7.04,75000000,1.5593,750.0,0.0,14.0,10.0,8998.0,79.0,10.0,0.06,Positive,75000000.0
435338,Gabriel Magalhães,€75.00m,18.0,9.54,75000000,0.9558,600.0,0.0,0.0,0.0,0.0,249.0,29.0,0.12,Positive,75000000.0
357565,Rodri,€75.00m,19.0,9.36,130000000,0.7085,260.0,42.31,33.0,39.0,13149.0,320.0,63.0,-0.03,Neutral,75000000.0
397033,Sandro Tonali,€75.00m,20.0,7.85,75000000,1.0676,300.0,0.0,32.0,34.0,8905.0,84.0,17.0,-0.095,Negative,75000000.0
520624,Bruno Guimarães,€75.00m,21.0,8.01,85000000,1.4931,1700.0,11.76,0.0,0.0,0.0,54.0,8.0,-0.068,Negative,75000000.0
413039,Bryan Mbeumo,€75.00m,22.0,7.72,75000000,1.2359,500.0,0.0,86.0,55.0,3335.0,104.0,20.0,0.06,Positive,75000000.0
325443,Viktor Gyökeres,€70.00m,23.0,8.41,75000000,0.9131,250.0,6.67,223.0,65.0,3574.0,71.0,5.0,0.16,Positive,70000000.0
503743,Morgan Rogers,€70.00m,24.0,6.0,70000000,0.8977,46.67,0.0,0.0,0.0,0.0,27.0,3.0,0.002,Neutral,70000000.0
420243,Jurriën Timber,€70.00m,25.0,6.88,70000000,1.8648,1400.0,0.0,17.0,13.0,11251.0,419.0,92.0,0.1,Positive,70000000.0
475959,Josko Gvardiol,€70.00m,26.0,6.23,80000000,1.3989,266.67,12.5,0.0,0.0,0.0,155.0,29.0,0.02,Neutral,70000000.0
455661,Nick Woltemade,€70.00m,27.0,5.83,70000000,1.4828,200.0,0.0,0.0,0.0,0.0,202.0,38.0,0.064,Positive,70000000.0
434675,Cody Gakpo,€70.00m,28.0,9.1,70000000,1.3934,2800.0,0.0,0.0,0.0,0.0,165.0,40.0,0.115,Positive,70000000.0
517894,Matheus Cunha,€70.00m,29.0,8.41,70000000,1.1791,700.0,0.0,0.0,0.0,0.0,208.0,32.0,0.06,Positive,70000000.0
479999,Eberechi Eze,€65.00m,30.0,7.78,65000000,1.2989,650.0,0.0,0.0,0.0,0.0,287.0,47.0,0.071,Positive,65000000.0
626724,João Pedro,€65.00m,31.0,6.54,65000000,0.1976,3.25,0.0,0.0,0.0,0.0,160.0,32.0,0.107,Positive,65000000.0
445939,Omar Marmoush,€65.00m,32.0,9.44,75000000,1.3001,3000.0,13.33,0.0,0.0,0.0,67.0,11.0,0.08,Positive,65000000.0
460939,Tijjani Reijnders,€65.00m,33.0,8.32,70000000,1.3667,1400.0,7.14,0.0,0.0,0.0,12.0,1.0,0.027,Neutral,65000000.0
486049,Jérémy Doku,€65.00m,34.0,6.95,65000000,0.823,65.0,0.0,0.0,0.0,0.0,312.0,72.0,0.135,Positive,65000000.0
429014,Morgan Gibbs-White,€65.00m,35.0,7.32,65000000,0.7682,65.0,0.0,0.0,0.0,0.0,264.0,50.0,0.009,Neutral,65000000.0
557459,Micky van de Ven,€65.00m,36.0,5.89,65000000,0.9549,52.0,0.0,0.0,0.0,0.0,396.0,86.0,0.0,Neutral,65000000.0
583255,Antoine Semenyo,€65.00m,37.0,6.45,65000000,1.1268,130.0,0.0,0.0,0.0,0.0,0.0,0.0,0.027,Neutral,65000000.0
258004,Rúben Dias,€60.00m,38.0,10.36,80000000,1.1197,3200.0,25.0,16.0,13.0,9452.0,188.0,45.0,0.06,Positive,60000000.0
744149,Adam Wharton,€60.00m,39.0,3.12,60000000,1.7708,24.0,0.0,0.0,0.0,0.0,100.0,18.0,0.16,Positive,60000000.0
973085,Carlos Baleba,€60.00m,40.0,3.53,60000000,4.4616,400.0,0.0,0.0,0.0,0.0,8.0,1.0,0.22,Positive,60000000.0
487465,Pedro Neto,€60.00m,41.0,8.3,60000000,0.9352,240.0,0.0,0.0,0.0,0.0,645.0,129.0,0.082,Positive,60000000.0
567576,Elliot Anderson,€60.00m,42.0,4.73,60000000,2.3388,300.0,0.0,0.0,0.0,0.0,141.0,35.0,0.2,Positive,60000000.0
566931,Xavi Simons,€60.00m,43.0,4.75,80000000,1.7381,160.0,25.0,0.0,0.0,0.0,70.0,15.0,-0.025,Neutral,60000000.0
503733,Anthony Gordon,€60.00m,44.0,6.0,65000000,0.8496,43.33,7.69,0.0,0.0,0.0,78.0,17.0,0.0,Neutral,60000000.0
627442,Benjamin Sesko,€60.00m,45.0,6.44,70000000,0.8247,56.0,14.29,0.0,0.0,0.0,61.0,13.0,0.033,Neutral,60000000.0
355915,Cristian Romero,€60.00m,27.0,9.84,65000000,0.8384,433.33,7.69,14.0,11.0,9564.0,342.0,75.0,-0.04,Neutral,60000000.0
309400,Kai Havertz,€55.00m,26.0,9.44,90000000,0.9511,900.0,38.89,135.0,64.0,7620.0,267.0,54.0,0.16,Positive,55000000.0
392757,Marc Guéhi,€55.00m,25.0,6.0,55000000,0.8229,36.67,0.0,18.0,10.0,9391.0,100.0,18.0,-0.04,Neutral,55000000.0
1005649,Murillo,€55.00m,23.0,2.67,55000000,4.7966,110.0,0.0,4.0,2.0,2766.0,9.0,1.0,0.16,Positive,55000000.0
543499,Mohammed Kudus,€55.00m,25.0,6.97,55000000,1.0271,137.5,0.0,0.0,0.0,0.0,311.0,56.0,0.02,Neutral,55000000.0
923831,Leny Yoro,€55.00m,20.0,3.53,55000000,4.3286,366.67,0.0,0.0,0.0,0.0,158.0,27.0,-0.07,Negative,55000000.0
502821,Riccardo Calafiori,€50.00m,23.0,5.11,50000000,1.3051,71.43,0.0,0.0,0.0,0.0,305.0,65.0,0.253,Positive,50000000.0
503987,Noni Madueke,€50.00m,23.0,6.12,50000000,1.0608,83.33,0.0,0.0,0.0,0.0,359.0,86.0,0.093,Positive,50000000.0
659813,Piero Hincapié,€50.00m,24.0,5.94,50000000,1.8477,500.0,0.0,0.0,0.0,0.0,57.0,2.0,0.04,Neutral,50000000.0
284857,Marc Cucurella,€50.00m,27.0,8.44,55000000,0.6579,78.57,9.09,17.0,30.0,14977.0,205.0,25.0,0.342,Positive,50000000.0
472423,Reece James,€50.00m,26.0,7.21,70000000,1.0854,280.0,28.57,0.0,0.0,0.0,558.0,118.0,0.2,Positive,50000000.0
614258,Levi Colwill,€50.00m,22.0,4.04,55000000,1.0987,22.0,9.09,0.0,0.0,0.0,430.0,77.0,0.187,Positive,50000000.0
357119,Ibrahima Konaté,€50.00m,26.0,8.72,60000000,0.7977,200.0,16.67,10.0,5.0,9018.0,560.0,111.0,0.1,Positive,50000000.0
536835,Amad Diallo,€50.00m,23.0,5.11,50000000,0.2656,3.33,0.0,0.0,0.0,0.0,273.0,55.0,0.037,Neutral,50000000.0
607223,Rayan Cherki,€50.00m,22.0,5.97,50000000,0.359,6.25,0.0,0.0,0.0,0.0,150.0,33.0,0.067,Positive,50000000.0
583189,Anthony Elanga,€50.00m,23.0,4.5,55000000,1.5047,68.75,9.09,0.0,0.0,0.0,0.0,0.0,-0.186,Negative,50000000.0
315858,Gianluigi Donnarumma,€45.00m,26.0,10.77,65000000,0.5922,216.67,30.77,0.0,1.0,37709.0,141.0,17.0,0.2,Positive,45000000.0
655488,Gabriel Martinelli,€45.00m,24.0,6.34,85000000,0.4141,17.0,47.06,0.0,0.0,0.0,306.0,62.0,-0.016,Neutral,45000000.0
811779,Alejandro Garnacho,€45.00m,21.0,3.44,50000000,1.4712,25.0,10.0,0.0,0.0,0.0,54.0,14.0,0.18,Positive,45000000.0
466805,Nico González,€45.00m,24.0,5.17,45000000,2.2605,450.0,0.0,0.0,0.0,0.0,121.0,23.0,0.22,Positive,45000000.0
623570,Iliman Ndiaye,€45.00m,25.0,4.73,45000000,2.1439,225.0,0.0,0.0,0.0,0.0,50.0,7.0,0.025,Neutral,45000000.0
661053,Jarrad Branthwaite,€45.00m,23.0,5.36,50000000,0.7875,25.0,10.0,0.0,0.0,0.0,302.0,51.0,-0.132,Negative,45000000.0
431755,Dejan Kulusevski,€45.00m,25.0,6.48,60000000,0.7993,60.0,25.0,0.0,0.0,0.0,248.0,32.0,0.042,Neutral,45000000.0
743591,Savinho,€45.00m,21.0,4.83,55000000,0.7519,18.33,18.18,0.0,0.0,0.0,153.0,33.0,0.249,Positive,45000000.0
485706,Amadou Onana,€42.00m,24.0,5.4,55000000,1.3669,137.5,23.64,0.0,0.0,0.0,158.0,31.0,0.16,Positive,42000000.0
820374,Kobbie Mainoo,€40.00m,20.0,3.1,55000000,3.8488,183.33,27.27,0.0,0.0,0.0,171.0,38.0,0.14,Positive,40000000.0
866246,Lucas Bergvall,€40.00m,20.0,2.95,40000000,2.7686,50.0,0.0,0.0,0.0,0.0,73.0,14.0,-0.006,Neutral,40000000.0
556385,Destiny Udogie,€40.00m,23.0,5.11,45000000,1.2742,75.0,11.11,0.0,0.0,0.0,370.0,62.0,0.114,Positive,40000000.0
553875,Pedro Porro,€40.00m,26.0,7.43,45000000,0.6429,45.0,11.11,0.0,0.0,0.0,251.0,47.0,-0.075,Negative,40000000.0
578391,Rayan Aït-Nouri,€40.00m,24.0,7.26,40000000,1.159,266.67,0.0,0.0,0.0,0.0,222.0,39.0,0.13,Positive,40000000.0
240306,Bruno Fernandes,€40.00m,31.0,13.12,90000000,0.6643,1800.0,55.56,187.0,154.0,10383.0,30.0,6.0,0.0,Neutral,40000000.0
743413,Nico O'Reilly,€40.00m,20.0,0.73,40000000,9.9496,5.71,0.0,0.0,0.0,0.0,169.0,14.0,0.027,Neutral,40000000.0
326031,Matthijs de Ligt,€40.00m,26.0,9.44,75000000,0.8864,750.0,46.67,36.0,13.0,13750.0,298.0,65.0,0.1,Positive,40000000.0
1012534,Yankuba Minteh,€40.00m,21.0,3.24,40000000,5.3589,400.0,0.0,24.0,16.0,1721.0,63.0,13.0,0.16,Positive,40000000.0
394327,Boubacar Kamara,€40.00m,26.0,8.16,40000000,0.6732,66.67,0.0,6.0,8.0,9375.0,533.0,89.0,0.33,Positive,40000000.0
429983,Jørgen Strand Larsen,€40.00m,26.0,8.97,40000000,1.1061,800.0,0.0,0.0,0.0,0.0,86.0,15.0,0.019,Neutral,40000000.0
420002,Jean-Philippe Mateta,€40.00m,28.0,9.1,40000000,0.356,16.0,0.0,122.0,19.0,3695.0,156.0,23.0,0.01,Neutral,40000000.0
735570,João Gomes,€40.00m,25.0,4.83,40000000,1.4777,80.0,0.0,0.0,0.0,0.0,0.0,0.0,0.12,Positive,40000000.0
890721,Myles Lewis-Skelly,€40.00m,19.0,1.97,45000000,3.5613,22.5,11.11,0.0,0.0,0.0,17.0,4.0,0.047,Neutral,40000000.0
730861,Milos Kerkez,€40.00m,22.0,5.13,45000000,2.6824,900.0,11.11,0.0,0.0,0.0,0.0,0.0,0.0,Neutral,40000000.0
521964,Malick Thiaw,€40.00m,24.0,5.42,40000000,1.1091,57.14,0.0,0.0,0.0,0.0,166.0,32.0,0.24,Positive,40000000.0
433188,Curtis Jones,€40.00m,25.0,6.34,50000000,0.6791,33.33,20.0,0.0,0.0,0.0,219.0,45.0,0.078,Positive,40000000.0
503981,Tino Livramento,€40.00m,23.0,4.32,40000000,0.6177,8.0,0.0,0.0,0.0,0.0,445.0,81.0,0.071,Positive,40000000.0
711337,Evanilson,€40.00m,26.0,6.15,40000000,1.9656,800.0,0.0,0.0,0.0,0.0,198.0,33.0,0.002,Neutral,40000000.0
670882,Jamie Gittens,€40.00m,21.0,3.5,50000000,0.9301,12.5,20.0,0.0,0.0,0.0,366.0,55.0,0.192,Positive,40000000.0
365108,Dan Ndoye,€40.00m,25.0,6.52,40000000,0.9051,66.67,0.0,71.0,35.0,8268.0,161.0,32.0,-0.037,Neutral,40000000.0
743600,Andrey Santos,€40.00m,21.0,3.35,40000000,0.8618,8.0,0.0,0.0,0.0,0.0,0.0,0.0,0.423,Positive,40000000.0
484547,Jeremie Frimpong,€38.00m,25.0,6.24,50000000,1.592,500.0,24.0,0.0,0.0,0.0,99.0,18.0,0.07,Positive,38000000.0
601883,Matheus Nunes,€38.00m,27.0,5.31,55000000,0.6129,18.33,30.91,0.0,0.0,0.0,32.0,6.0,0.3,Positive,38000000.0
388165,Yoane Wissa,€35.00m,29.0,9.41,42000000,0.6585,140.0,16.67,107.0,37.0,3453.0,78.0,14.0,0.26,Positive,35000000.0
413403,Ezri Konsa,€35.00m,28.0,9.16,35000000,0.8954,350.0,0.0,11.0,4.0,14706.0,133.0,18.0,0.2,Positive,35000000.0
346314,Trevoh Chalobah,€35.00m,26.0,7.21,35000000,0.6375,35.0,0.0,18.0,11.0,8066.0,367.0,69.0,-0.05,Neutral,35000000.0
610849,Liam Delap,€35.00m,23.0,5.16,40000000,0.993,40.0,12.5,0.0,0.0,0.0,106.0,17.0,0.108,Positive,35000000.0
620322,Malo Gusto,€35.00m,22.0,4.75,35000000,1.4446,70.0,0.0,0.0,0.0,0.0,222.0,48.0,0.174,Positive,35000000.0
763079,Abdukodir Khusanov,€35.00m,21.0,3.48,35000000,3.7917,233.33,0.0,0.0,0.0,0.0,0.0,0.0,0.175,Positive,35000000.0
342229,Kylian Mbappé,€200.00m,27.0,10.03,200000000,1.2865,4000.0,0.0,337.0,133.0,4598.0,136.0,28.0,0.052,Positive,200000000.0
937958,Lamine Yamal,€200.00m,18.0,2.31,200000000,1.4594,8.0,0.0,0.0,0.0,0.0,96.0,11.0,0.1,Positive,200000000.0
581678,Jude Bellingham,€160.00m,22.0,6.15,180000000,0.9655,72.0,11.11,0.0,0.0,0.0,146.0,18.0,-0.005,Neutral,160000000.0
371998,Vinicius Junior,€150.00m,25.0,8.12,200000000,0.396,20.0,25.0,126.0,93.0,7017.0,191.0,36.0,0.034,Neutral,150000000.0
683840,Pedri,€140.00m,23.0,6.26,140000000,0.7034,28.0,0.0,0.0,0.0,0.0,489.0,88.0,0.1,Positive,140000000.0
369081,Federico Valverde,€120.00m,27.0,10.33,130000000,0.737,325.0,7.69,35.0,36.0,6729.0,241.0,47.0,0.039,Neutral,120000000.0
576024,Julián Alvarez,€100.00m,26.0,6.98,100000000,0.9336,100.0,0.0,0.0,0.0,0.0,3.0,1.0,0.072,Positive,100000000.0
861410,Arda Güler,€90.00m,20.0,4.42,90000000,3.6662,900.0,0.0,0.0,0.0,0.0,283.0,45.0,0.093,Positive,90000000.0
411295,Raphinha,€80.00m,29.0,9.75,90000000,0.8073,360.0,11.11,117.0,89.0,5793.0,187.0,37.0,0.055,Positive,80000000.0
962110,Pau Cubarsí,€80.00m,19.0,2.17,80000000,9.4176,160.0,0.0,0.0,0.0,0.0,7.0,1.0,0.4,Positive,80000000.0
413112,Aurélien Tchouaméni,€75.00m,26.0,7.27,100000000,0.4516,20.0,25.0,14.0,14.0,4848.0,158.0,32.0,0.133,Positive,75000000.0
314353,Trent Alexander-Arnold,€70.00m,27.0,8.81,110000000,0.7525,220.0,36.36,27.0,98.0,12764.0,316.0,43.0,0.073,Positive,70000000.0
636703,Fermín López,€70.00m,22.0,3.21,70000000,8.5421,1400.0,0.0,0.0,0.0,0.0,45.0,11.0,-0.043,Neutral,70000000.0
890290,Dean Huijsen,€70.00m,20.0,2.48,70000000,7.0034,175.0,0.0,0.0,0.0,0.0,21.0,8.0,0.011,Neutral,70000000.0
411975,Jules Koundé,€65.00m,15.0,7.88,65000000,0.6982,65.0,0.0,21.0,22.0,16703.0,112.0,22.0,0.062,Positive,65000000.0
412363,Rodrygo,€60.00m,16.0,8.01,110000000,1.2217,1100.0,45.45,87.0,59.0,6637.0,203.0,37.0,0.127,Positive,60000000.0
775605,Pablo Barrios,€60.00m,17.0,3.21,60000000,6.3293,600.0,0.0,0.0,0.0,0.0,171.0,40.0,0.1,Positive,60000000.0
811778,Álvaro Carreras,€60.00m,18.0,3.45,60000000,1.6803,30.0,0.0,0.0,0.0,0.0,21.0,6.0,0.093,Positive,60000000.0
293385,Dani Olmo,€60.00m,19.0,10.74,60000000,0.6377,200.0,0.0,79.0,70.0,9699.0,370.0,84.0,0.098,Positive,60000000.0
636688,Alejandro Balde,€60.00m,20.0,5.18,60000000,2.0093,300.0,0.0,0.0,0.0,0.0,474.0,72.0,-0.14,Negative,60000000.0
709187,Nico Williams,€60.00m,21.0,5.11,70000000,1.2297,70.0,14.29,0.0,0.0,0.0,137.0,26.0,0.027,Neutral,60000000.0
548111,Álex Baena,€55.00m,22.0,6.06,55000000,1.527,275.0,0.0,0.0,0.0,0.0,0.0,0.0,-0.06,Negative,55000000.0
640428,Eduardo Camavinga,€50.00m,23.0,6.53,100000000,0.4725,25.0,50.0,0.0,0.0,0.0,304.0,62.0,0.08,Positive,50000000.0
398184,Ferran Torres,€50.00m,24.0,7.95,50000000,0.6362,50.0,0.0,72.0,41.0,5598.0,245.0,54.0,0.013,Neutral,50000000.0
1057316,Franco Mastantuono,€50.00m,25.0,1.75,50000000,3.2173,12.5,0.0,0.0,0.0,0.0,0.0,0.0,0.026,Neutral,50000000.0
326330,Frenkie de Jong,€45.00m,26.0,10.59,90000000,0.9009,1800.0,50.0,39.0,49.0,9075.0,472.0,78.0,-0.05,Neutral,45000000.0
742201,Giuliano Simeone,€40.00m,27.0,4.73,40000000,1.5236,80.0,0.0,0.0,0.0,0.0,147.0,32.0,0.0,Neutral,40000000.0
258923,Marcus Rashford,€40.00m,28.0,9.72,85000000,0.3053,28.33,52.94,147.0,85.0,8471.0,389.0,56.0,0.21,Positive,40000000.0
646740,Gavi,€40.00m,29.0,4.16,90000000,0.1195,3.6,55.56,0.0,0.0,0.0,404.0,54.0,0.177,Positive,40000000.0
571020,Oihan Sancet,€40.00m,30.0,7.33,60000000,0.6536,60.0,33.33,0.0,0.0,0.0,407.0,76.0,0.165,Positive,40000000.0
406040,Ademola Lookman,€35.00m,31.0,9.68,60000000,0.5513,120.0,41.67,87.0,43.0,3515.0,220.0,32.0,0.023,Neutral,35000000.0
314678,Brahim Díaz,€35.00m,32.0,7.72,45000000,0.4073,18.0,22.22,60.0,50.0,6288.0,173.0,36.0,0.154,Positive,35000000.0
401530,Éder Militão,€30.00m,33.0,8.12,70000000,0.5204,70.0,57.14,21.0,12.0,11017.0,588.0,118.0,0.14,Positive,30000000.0
351809,Robin Le Normand,€30.00m,34.0,9.36,40000000,0.9802,800.0,25.0,11.0,8.0,15513.0,117.0,26.0,0.072,Positive,30000000.0
404418,Dávid Hancko,€30.00m,35.0,8.95,35000000,1.0441,700.0,14.29,50.0,30.0,12723.0,243.0,37.0,-0.1,Negative,30000000.0
466794,Eric García,€30.00m,36.0,6.21,30000000,0.2638,4.29,0.0,0.0,0.0,0.0,211.0,40.0,0.057,Positive,30000000.0
561613,Joan García,€30.00m,37.0,6.06,30000000,1.8743,600.0,0.0,0.0,0.0,0.0,183.0,2.0,0.076,Positive,30000000.0
1005575,Vitor Reis,€30.00m,38.0,1.21,30000000,1.4841,3.0,0.0,2.0,0.0,1637.0,24.0,3.0,0.0,Neutral,30000000.0
935245,Raúl Asencio,€30.00m,39.0,2.31,40000000,10.8032,400.0,25.0,0.0,0.0,0.0,0.0,0.0,0.087,Positive,30000000.0
524000,Dani Vivian,€30.00m,40.0,7.81,40000000,1.2675,800.0,25.0,0.0,0.0,0.0,146.0,25.0,-0.08,Negative,30000000.0
938729,Mikel Jauregizar,€30.00m,41.0,2.25,30000000,22.2568,1200.0,0.0,0.0,0.0,0.0,0.0,0.0,0.205,Positive,30000000.0
405398,Takefusa Kubo,€30.00m,42.0,7.93,60000000,0.7868,200.0,50.0,44.0,37.0,7191.0,76.0,15.0,-0.12,Negative,30000000.0
602105,Antony,€30.00m,43.0,6.81,75000000,0.3007,15.0,60.0,0.0,0.0,0.0,203.0,26.0,-0.223,Negative,30000000.0
733576,Alberto Moleiro,€30.00m,44.0,5.18,30000000,2.4404,600.0,0.0,0.0,0.0,0.0,39.0,7.0,0.193,Positive,30000000.0
729814,Georges Mikautadze,€28.00m,45.0,5.31,30000000,1.5355,150.0,6.67,0.0,0.0,0.0,29.0,2.0,0.04,Neutral,28000000.0
480267,Ronald Araujo,€25.00m,26.0,8.56,70000000,0.9063,700.0,64.29,0.0,0.0,0.0,423.0,90.0,0.113,Positive,25000000.0
636695,Marc Casadó,€25.00m,22.0,3.21,30000000,3.9186,200.0,16.67,0.0,0.0,0.0,56.0,14.0,-0.073,Negative,25000000.0
262396,Unai Simón,€25.00m,28.0,10.45,30000000,0.6961,300.0,16.67,0.0,3.0,25301.0,227.0,36.0,0.405,Positive,25000000.0
351478,Mikel Oyarzabal,€25.00m,28.0,9.8,70000000,0.2647,28.0,64.29,118.0,63.0,5983.0,415.0,75.0,0.08,Positive,25000000.0
834764,Javi Guerra,€25.00m,22.0,3.21,25000000,7.593,1000.0,0.0,0.0,0.0,0.0,0.0,0.0,0.04,Neutral,25000000.0
805714,Renato Veiga,€25.00m,22.0,2.85,25000000,2.0938,25.0,0.0,0.0,0.0,0.0,77.0,12.0,0.051,Positive,25000000.0
486031,Nico González,€24.00m,27.0,8.18,40000000,0.6501,100.0,40.0,0.0,0.0,0.0,390.0,70.0,0.22,Positive,24000000.0
282411,Marcos Llorente,€22.00m,31.0,11.77,80000000,0.491,400.0,72.5,37.0,46.0,7134.0,406.0,70.0,0.16,Positive,22000000.0
689505,Johnny Cardoso,€22.00m,24.0,5.81,25000000,0.7888,33.33,12.0,0.0,0.0,0.0,117.0,26.0,0.0,Neutral,22000000.0
1038950,Karl Etta Eyong,€20.00m,22.0,3.21,20000000,7.0162,800.0,0.0,35.0,10.0,587.0,0.0,0.0,0.03,Neutral,20000000.0
238407,Alexander Sørloth,€20.00m,30.0,12.25,25000000,0.6311,500.0,20.0,156.0,50.0,5495.0,120.0,30.0,-0.025,Neutral,20000000.0
576028,Thiago Almada,€20.00m,24.0,6.98,27000000,0.2196,5.4,25.93,0.0,0.0,0.0,19.0,3.0,0.06,Positive,20000000.0
705395,Gerard Martín,€20.00m,23.0,4.33,20000000,2.9846,400.0,0.0,0.0,0.0,0.0,40.0,0.0,0.12,Positive,20000000.0
616369,Ander Barrenetxea,€20.00m,24.0,6.81,20000000,0.5524,20.0,0.0,0.0,0.0,0.0,514.0,92.0,0.264,Positive,20000000.0
541555,Enzo Boyomo,€20.00m,24.0,5.05,20000000,1.4885,100.0,0.0,0.0,0.0,0.0,0.0,0.0,-0.04,Neutral,20000000.0
485963,Pape Gueye,€20.00m,27.0,7.58,25000000,0.8366,125.0,20.0,0.0,0.0,0.0,0.0,0.0,0.0,Neutral,20000000.0
466801,Sergi Altimira,€20.00m,24.0,4.16,20000000,3.2155,400.0,0.0,0.0,0.0,0.0,22.0,4.0,0.12,Positive,20000000.0
724520,Abde Ezzalzouli,€20.00m,24.0,5.83,20000000,1.7925,400.0,0.0,0.0,0.0,0.0,169.0,15.0,0.047,Neutral,20000000.0
735568,Natan,€20.00m,25.0,4.84,20000000,0.8575,20.0,0.0,0.0,0.0,0.0,107.0,18.0,-0.013,Neutral,20000000.0
108390,Thibaut Courtois,€18.00m,33.0,16.54,75000000,0.4273,1500.0,76.0,0.0,2.0,58094.0,461.0,88.0,0.14,Positive,18000000.0
591916,Aitor Paredes,€18.00m,25.0,5.11,22000000,1.4139,110.0,18.18,0.0,0.0,0.0,64.0,12.0,0.205,Positive,18000000.0
625047,Beñat Prados,€18.00m,25.0,5.18,20000000,2.1171,400.0,10.0,0.0,0.0,0.0,41.0,5.0,-0.02,Neutral,18000000.0
527966,Andrei Rațiu,€18.00m,27.0,7.12,18000000,0.9597,120.0,0.0,0.0,0.0,0.0,34.0,4.0,0.41,Positive,18000000.0
331505,Óscar Mingueza,€18.00m,26.0,7.27,20000000,1.0419,200.0,10.0,8.0,18.0,3137.0,139.0,22.0,0.05,Neutral,18000000.0
484988,Logan Costa,€18.00m,24.0,5.33,18000000,1.1565,60.0,0.0,0.0,0.0,0.0,226.0,34.0,0.044,Neutral,18000000.0
459463,Cucho Hernández,€18.00m,26.0,9.28,18000000,0.5547,60.0,0.0,0.0,0.0,0.0,392.0,31.0,-0.016,Neutral,18000000.0
121483,Jan Oblak,€17.00m,33.0,16.35,100000000,0.3355,666.67,83.0,0.0,2.0,54984.0,187.0,30.0,-0.04,Neutral,17000000.0
1064471,Fer López,€16.00m,21.0,2.25,18000000,12.0575,360.0,11.11,15.0,6.0,949.0,0.0,0.0,-0.128,Negative,16000000.0
657430,Samú Costa,€15.00m,25.0,5.18,15000000,1.1289,50.0,0.0,0.0,0.0,0.0,58.0,7.0,0.0,Neutral,15000000.0
348795,Giovani Lo Celso,€15.00m,29.0,9.85,50000000,0.0729,6.67,70.0,48.0,45.0,7541.0,472.0,84.0,-0.026,Neutral,15000000.0
822331,Omar El Hilali,€15.00m,22.0,5.01,15000000,1.3672,75.0,0.0,0.0,0.0,0.0,57.0,14.0,-0.02,Neutral,15000000.0
709372,Carlos Romero,€15.00m,24.0,3.21,15000000,3.7599,150.0,0.0,0.0,0.0,0.0,0.0,0.0,0.276,Positive,15000000.0
1076815,Javi Rodríguez,€15.00m,22.0,2.72,15000000,5.304,150.0,0.0,9.0,5.0,2070.0,0.0,0.0,0.194,Positive,15000000.0
711374,Jon Gorrotxategi,€15.00m,24.0,4.34,15000000,2.7225,300.0,0.0,0.0,0.0,0.0,0.0,0.0,0.132,Positive,15000000.0
661145,Jon Aramburu,€15.00m,23.0,6.35,15000000,1.4556,300.0,0.0,0.0,0.0,0.0,0.0,0.0,0.16,Positive,15000000.0
366930,Sergio Gómez,€15.00m,25.0,7.69,20000000,0.2995,10.0,25.0,16.0,35.0,5957.0,45.0,5.0,0.096,Positive,15000000.0
631821,Vladyslav Vanat,€15.00m,24.0,4.51,15000000,2.0339,150.0,0.0,0.0,0.0,0.0,31.0,2.0,0.2,Positive,15000000.0
617081,Diego López,€15.00m,23.0,3.21,15000000,6.3293,600.0,0.0,0.0,0.0,0.0,26.0,3.0,0.033,Neutral,15000000.0
625014,Julen Agirrezabala,€15.00m,25.0,5.18,15000000,2.0093,300.0,0.0,0.0,0.0,0.0,128.0,14.0,0.02,Neutral,15000000.0
264372,Viktor Tsygankov,€15.00m,28.0,9.2,30000000,0.3954,42.86,50.0,0.0,0.0,0.0,0.0,0.0,-0.023,Neutral,15000000.0
707274,César Tárrega,€15.00m,23.0,3.21,15000000,6.3293,600.0,0.0,0.0,0.0,0.0,0.0,0.0,0.033,Neutral,15000000.0
404839,Andriy Lunin,€15.00m,27.0,8.94,25000000,0.549,83.33,40.0,0.0,0.0,13864.0,83.0,9.0,0.117,Positive,15000000.0
844637,Marc Pubill,€15.00m,22.0,4.16,16000000,3.6466,640.0,6.25,0.0,0.0,0.0,0.0,0.0,-0.165,Negative,15000000.0
994536,Claudio Echeverri,€15.00m,20.0,2.46,18000000,0.7109,4.5,16.67,0.0,0.0,0.0,81.0,7.0,0.16,Positive,15000000.0
961297,Rodrigo Mendoza,€15.00m,20.0,1.98,15000000,7.8564,75.0,0.0,0.0,0.0,0.0,0.0,0.0,0.0,Neutral,15000000.0
616631,Matteo Ruggeri,€15.00m,23.0,5.12,20000000,0.9432,40.0,25.0,0.0,0.0,0.0,0.0,0.0,0.027,Neutral,15000000.0
341264,Fran García,€15.00m,26.0,7.05,18000000,0.9212,120.0,16.67,11.0,24.0,12825.0,134.0,3.0,0.087,Positive,15000000.0
424042,Nahuel Molina,€15.00m,27.0,9.34,50000000,0.4112,83.33,70.0,0.0,0.0,0.0,155.0,20.0,0.229,Positive,15000000.0
935230,Gonzalo García,€15.00m,21.0,2.31,15000000,5.4782,75.0,0.0,0.0,0.0,0.0,0.0,0.0,0.195,Positive,15000000.0
668179,Carlos Álvarez,€15.00m,22.0,6.06,15000000,1.2864,150.0,0.0,0.0,0.0,0.0,34.0,5.0,0.149,Positive,15000000.0
480763,Juan Foyth,€15.00m,28.0,8.28,25000000,0.1418,5.0,40.0,0.0,0.0,0.0,801.0,114.0,0.172,Positive,15000000.0
676042,Juanlu Sánchez,€15.00m,22.0,6.06,15000000,1.2864,150.0,0.0,0.0,0.0,0.0,34.0,4.0,0.064,Positive,15000000.0
250845,José María Giménez,€14.00m,31.0,12.76,70000000,0.4732,700.0,80.0,13.0,12.0,11564.0,465.0,64.0,-0.033,Neutral,14000000.0
212862,Álex Remiro,€14.00m,30.0,12.14,25000000,0.4189,125.0,44.0,0.0,0.0,33661.0,39.0,7.0,0.136,Positive,14000000.0
709969,Ilias Akhomach,€12.00m,21.0,5.05,15000000,1.5799,150.0,20.0,0.0,0.0,0.0,308.0,40.0,0.0,Neutral,12000000.0
580195,Jamal Musiala,€130.00m,22.0,5.47,140000000,1.4358,140.0,7.14,0.0,0.0,0.0,269.0,35.0,0.027,Neutral,130000000.0
566723,Michael Olise,€130.00m,24.0,6.17,130000000,1.8551,650.0,0.0,0.0,0.0,0.0,213.0,32.0,0.05,Neutral,130000000.0
480692,Luis Díaz,€70.00m,29.0,8.88,85000000,1.1598,1133.33,17.65,0.0,0.0,0.0,231.0,43.0,0.0,Neutral,70000000.0
344695,Dayot Upamecano,€70.00m,27.0,10.43,70000000,0.5352,87.5,0.0,10.0,15.0,8380.0,215.0,40.0,0.06,Positive,70000000.0
792380,Aleksandar Pavlovic,€65.00m,21.0,2.38,65000000,10.307,325.0,0.0,0.0,0.0,0.0,226.0,45.0,0.016,Neutral,65000000.0
132098,Harry Kane,€65.00m,32.0,13.09,150000000,0.4503,300.0,56.67,398.0,107.0,7109.0,301.0,54.0,0.267,Positive,65000000.0
1075147,Lennart Karl,€60.00m,17.0,0.51,60000000,1398.5252,40.0,0.0,34.0,11.0,410.0,12.0,4.0,0.076,Positive,60000000.0
496094,Karim Adeyemi,€60.00m,24.0,7.47,60000000,0.639,40.0,0.0,0.0,0.0,0.0,314.0,62.0,-0.013,Neutral,60000000.0
388198,Nico Schlotterbeck,€55.00m,26.0,7.37,55000000,1.4477,733.33,0.0,30.0,24.0,6757.0,333.0,53.0,-0.079,Negative,55000000.0
424204,Alphonso Davies,€50.00m,25.0,9.01,80000000,0.8456,400.0,37.5,0.0,0.0,0.0,537.0,89.0,0.198,Positive,50000000.0
1390649,Yan Diomande,€45.00m,19.0,0.62,45000000,1007.7854,75.0,0.0,3.0,1.0,356.0,0.0,0.0,0.149,Positive,45000000.0
443710,Angelo Stiller,€45.00m,24.0,5.97,45000000,1.479,225.0,0.0,0.0,0.0,0.0,185.0,32.0,0.153,Positive,45000000.0
618472,Castello Lukeba,€45.00m,23.0,4.37,50000000,1.9472,125.0,10.0,0.0,0.0,0.0,108.0,20.0,0.0,Neutral,45000000.0
776890,Nicolas Jackson,€45.00m,24.0,5.2,55000000,2.2403,550.0,18.18,0.0,0.0,0.0,252.0,31.0,-0.02,Neutral,45000000.0
816585,Can Uzun,€45.00m,15.0,2.48,45000000,5.1477,90.0,0.0,0.0,0.0,0.0,69.0,9.0,0.06,Positive,45000000.0
406640,Felix Nmecha,€45.00m,16.0,6.03,45000000,1.1101,90.0,0.0,39.0,28.0,4786.0,340.0,61.0,0.0,Neutral,45000000.0
892160,Luka Vuskovic,€40.00m,17.0,2.54,40000000,1.1117,6.67,0.0,0.0,0.0,0.0,30.0,6.0,0.05,Neutral,40000000.0
822959,Tom Bischof,€40.00m,18.0,4.37,40000000,1.4859,53.33,0.0,0.0,0.0,0.0,72.0,13.0,0.324,Positive,40000000.0
161056,Joshua Kimmich,€40.00m,19.0,12.36,90000000,0.4856,300.0,55.56,57.0,134.0,19238.0,173.0,34.0,0.12,Positive,40000000.0
1168219,Said El Mala,€40.00m,20.0,1.75,40000000,29.7134,400.0,0.0,26.0,12.0,805.0,30.0,8.0,0.233,Positive,40000000.0
931838,Hugo Larsson,€40.00m,21.0,3.49,40000000,1.5634,26.67,0.0,0.0,0.0,0.0,72.0,15.0,0.245,Positive,40000000.0
632349,Jarell Quansah,€40.00m,22.0,2.71,40000000,4.478,100.0,0.0,0.0,0.0,0.0,0.0,0.0,0.175,Positive,40000000.0
270541,Serhou Guirassy,€40.00m,23.0,11.08,45000000,0.6131,225.0,11.11,157.0,25.0,4119.0,451.0,60.0,0.15,Positive,40000000.0
257814,Gregor Kobel,€40.00m,24.0,10.47,40000000,1.0232,1600.0,0.0,0.0,1.0,30400.0,161.0,31.0,0.194,Positive,40000000.0
691892,Nathaniel Brown,€35.00m,25.0,3.47,35000000,4.4126,350.0,0.0,0.0,0.0,0.0,78.0,6.0,0.1,Positive,35000000.0
333647,Jonathan Burkardt,€35.00m,26.0,7.16,35000000,0.5526,23.33,0.0,76.0,32.0,3091.0,681.0,105.0,-0.062,Negative,35000000.0
467437,Malik Tillman,€35.00m,27.0,5.47,35000000,1.175,70.0,0.0,0.0,0.0,0.0,538.0,110.0,0.158,Positive,35000000.0
564545,Edmond Tapsoba,€35.00m,28.0,7.82,45000000,1.3113,900.0,22.22,0.0,0.0,0.0,161.0,31.0,0.0,Neutral,35000000.0
894914,Antonio Nusa,€32.00m,29.0,4.4,32000000,1.7074,80.0,0.0,0.0,0.0,0.0,163.0,33.0,0.082,Positive,32000000.0
654982,Bilal El Khannouss,€32.00m,30.0,3.57,32000000,4.0377,320.0,0.0,0.0,0.0,0.0,0.0,0.0,0.05,Neutral,32000000.0
483046,Josip Stanisic,€32.00m,31.0,6.44,32000000,1.2998,213.33,0.0,0.0,0.0,0.0,541.0,83.0,-0.077,Negative,32000000.0
223967,Konrad Laimer,€32.00m,32.0,11.67,32000000,0.7393,640.0,0.0,29.0,37.0,10200.0,536.0,109.0,0.1,Positive,32000000.0
746910,Mohamed Amoura,€32.00m,33.0,5.03,32000000,1.9029,213.33,0.0,0.0,0.0,0.0,165.0,18.0,0.05,Neutral,32000000.0
957874,Rômulo,€30.00m,34.0,3.7,30000000,1.0773,15.0,0.0,0.0,0.0,0.0,95.0,20.0,-0.05,Neutral,30000000.0
927353,Johan Manzambi,€30.00m,35.0,2.38,30000000,8.2477,200.0,0.0,0.0,0.0,0.0,0.0,0.0,0.0,Neutral,30000000.0
196357,Jonathan Tah,€30.00m,36.0,12.4,40000000,0.3911,80.0,25.0,22.0,17.0,12084.0,223.0,47.0,0.052,Positive,30000000.0
578392,Maximilian Beier,€30.00m,37.0,5.85,30000000,1.1962,100.0,0.0,0.0,0.0,0.0,82.0,11.0,0.077,Positive,30000000.0
401578,Exequiel Palacios,€30.00m,38.0,9.87,45000000,0.5947,150.0,33.33,25.0,27.0,7051.0,351.0,72.0,0.062,Positive,30000000.0
524290,Fisnik Asllani,€30.00m,39.0,5.26,30000000,1.4003,100.0,0.0,0.0,0.0,0.0,409.0,81.0,0.013,Neutral,30000000.0
897424,Assan Ouédraogo,€28.00m,40.0,2.47,28000000,4.1039,56.0,0.0,0.0,0.0,0.0,0.0,0.0,-0.008,Neutral,28000000.0
700106,Brajan Gruda,€28.00m,41.0,2.86,28000000,3.089,56.0,0.0,0.0,0.0,0.0,131.0,24.0,0.036,Neutral,28000000.0
505653,Fábio Silva,€28.00m,42.0,6.19,28000000,0.4345,9.33,0.0,0.0,0.0,0.0,177.0,4.0,0.152,Positive,28000000.0
730581,Loïc Badé,€28.00m,43.0,5.35,30000000,1.123,60.0,6.67,0.0,0.0,0.0,233.0,37.0,0.08,Positive,28000000.0
643574,Kaishu Sano,€25.00m,44.0,6.48,25000000,1.9035,1000.0,0.0,0.0,0.0,0.0,203.0,42.0,0.013,Neutral,25000000.0
518505,Jamie Leweling,€25.00m,45.0,6.23,25000000,1.0932,100.0,0.0,0.0,0.0,0.0,149.0,17.0,0.2,Positive,25000000.0
924117,Finn Jeltsch,€25.00m,19.0,2.17,25000000,5.0885,50.0,0.0,0.0,0.0,0.0,60.0,13.0,0.0,Neutral,25000000.0
503482,Min-jae Kim,€25.00m,29.0,8.01,60000000,0.4609,50.0,58.33,0.0,0.0,0.0,326.0,43.0,0.043,Neutral,25000000.0
669380,Konstantinos Koulierakis,€25.00m,22.0,3.98,25000000,2.4839,142.86,0.0,0.0,0.0,0.0,0.0,0.0,0.08,Positive,25000000.0
939964,Jean-Mattéo Bahoya,€25.00m,20.0,3.25,25000000,4.4685,250.0,0.0,0.0,0.0,0.0,32.0,6.0,0.04,Neutral,25000000.0
585959,Arnaud Kalimuendo,€25.00m,24.0,5.35,30000000,0.8252,30.0,16.67,0.0,0.0,0.0,80.0,16.0,-0.104,Negative,25000000.0
358504,Ritsu Doan,€25.00m,27.0,9.82,25000000,0.7551,250.0,0.0,78.0,48.0,5824.0,56.0,10.0,0.16,Positive,25000000.0
796297,Jobe Bellingham,€25.00m,20.0,4.07,30000000,1.6158,60.0,16.67,0.0,0.0,0.0,93.0,22.0,-0.078,Negative,25000000.0
659459,Carney Chukwuemeka,€25.00m,22.0,4.53,25000000,1.0348,25.0,0.0,0.0,0.0,0.0,288.0,53.0,0.14,Positive,25000000.0
242086,Patrik Schick,€25.00m,30.0,11.62,50000000,0.5153,250.0,50.0,125.0,25.0,4022.0,609.0,213.0,0.065,Positive,25000000.0
905011,Ibrahim Maza,€25.00m,20.0,2.73,25000000,4.3947,100.0,0.0,0.0,0.0,0.0,228.0,37.0,0.069,Positive,25000000.0
565424,Johan Bakayoko,€25.00m,22.0,4.76,45000000,2.189,450.0,44.44,0.0,0.0,0.0,12.0,2.0,0.053,Positive,25000000.0
664708,Equi Fernández,€25.00m,23.0,6.37,25000000,0.9543,71.43,0.0,0.0,0.0,0.0,68.0,11.0,0.064,Positive,25000000.0
1067904,Bazoumana Touré,€25.00m,19.0,1.52,25000000,2.6556,7.14,0.0,9.0,7.0,189.0,0.0,0.0,0.02,Neutral,25000000.0
807386,Conrad Harder,€24.00m,20.0,2.48,24000000,5.2844,96.0,0.0,0.0,0.0,0.0,0.0,0.0,-0.068,Negative,24000000.0
368891,Arthur Theate,€24.00m,25.0,5.37,24000000,1.5736,160.0,0.0,15.0,2.0,5085.0,73.0,13.0,0.03,Neutral,24000000.0
193082,Alejandro Grimaldo,€24.00m,30.0,13.8,45000000,0.4875,450.0,46.67,52.0,112.0,12053.0,723.0,172.0,0.0,Neutral,24000000.0
810895,Eliesse Ben Seghir,€24.00m,21.0,3.25,30000000,3.363,150.0,20.0,0.0,0.0,0.0,207.0,44.0,0.0,Neutral,24000000.0
1364454,Christian Kofane,€22.00m,19.0,0.73,22000000,619.2679,110.0,0.0,9.0,3.0,168.0,0.0,0.0,0.062,Positive,22000000.0
579287,Daniel Svensson,€22.00m,24.0,5.39,22000000,1.7225,220.0,0.0,0.0,0.0,0.0,22.0,3.0,-0.05,Neutral,22000000.0
569383,Chrislain Matsima,€22.00m,23.0,5.19,22000000,0.8948,27.5,0.0,0.0,0.0,0.0,19.0,4.0,0.1,Positive,22000000.0
335457,Ermedin Demirovic,€22.00m,27.0,7.75,28000000,0.4905,28.0,21.43,114.0,56.0,3653.0,20.0,2.0,0.051,Positive,22000000.0
526845,Noah Atubolu,€20.00m,23.0,5.26,20000000,2.5643,800.0,0.0,0.0,0.0,0.0,83.0,12.0,-0.033,Neutral,20000000.0
187492,Julian Brandt,€20.00m,29.0,11.95,50000000,0.3616,100.0,60.0,125.0,144.0,8927.0,179.0,30.0,0.273,Positive,20000000.0
370789,Julian Ryerson,€20.00m,28.0,9.0,20000000,0.6679,100.0,0.0,17.0,12.0,6228.0,169.0,27.0,-0.1,Negative,20000000.0
718303,Ernest Poku,€20.00m,22.0,4.19,20000000,1.7271,66.67,0.0,0.0,0.0,0.0,23.0,4.0,0.107,Positive,20000000.0
627228,Yan Couto,€20.00m,23.0,6.06,25000000,0.6392,25.0,20.0,0.0,0.0,0.0,55.0,10.0,0.065,Positive,20000000.0
261504,Aleix García,€20.00m,28.0,8.48,25000000,0.4239,25.0,20.0,22.0,32.0,7019.0,15.0,2.0,0.036,Neutral,20000000.0
339314,Deniz Undav,€20.00m,29.0,10.62,28000000,0.8768,1120.0,28.57,155.0,69.0,3575.0,211.0,36.0,0.067,Positive,20000000.0
159471,Serge Gnabry,€20.00m,30.0,12.4,90000000,0.3464,180.0,77.78,135.0,85.0,4977.0,316.0,49.0,0.22,Positive,20000000.0
1084638,Karim Coulibaly,€20.00m,18.0,0.32,20000000,11521.5544,20.0,0.0,0.0,0.0,0.0,0.0,0.0,0.0,Neutral,20000000.0
324278,Christoph Baumgartner,€20.00m,26.0,7.46,24000000,0.7202,68.57,16.67,94.0,43.0,4265.0,162.0,31.0,-0.04,Neutral,20000000.0
318204,David Raum,€20.00m,27.0,8.9,26000000,0.7683,208.0,23.08,41.0,77.0,12180.0,113.0,23.0,0.105,Positive,20000000.0
503160,Paul Nebel,€18.00m,23.0,5.26,24000000,0.9773,48.0,25.0,0.0,0.0,0.0,0.0,0.0,0.163,Positive,18000000.0
193004,Waldemar Anton,€18.00m,29.0,10.47,24000000,0.6421,240.0,25.0,23.0,16.0,16791.0,189.0,27.0,0.16,Positive,18000000.0
865682,Ezechiel Banzuzi,€18.00m,21.0,3.93,18000000,3.4643,360.0,0.0,0.0,0.0,0.0,22.0,2.0,-0.1,Negative,18000000.0
537598,Fábio Vieira,€18.00m,25.0,5.97,30000000,0.7229,42.86,40.0,0.0,0.0,0.0,175.0,25.0,0.0,Neutral,18000000.0
282660,Maximilian Mittelstädt,€18.00m,28.0,10.33,20000000,0.653,200.0,10.0,20.0,45.0,10118.0,199.0,25.0,-0.042,Neutral,18000000.0
404950,Nicolas Seiwald,€18.00m,24.0,6.88,20000000,1.2179,266.67,10.0,17.0,27.0,4351.0,46.0,5.0,0.0,Neutral,18000000.0
353892,Hiroki Ito,€18.00m,26.0,7.95,30000000,1.0961,600.0,40.0,7.0,7.0,7408.0,483.0,76.0,0.069,Positive,18000000.0
597432,Leopold Querfeld,€18.00m,22.0,4.74,18000000,1.583,90.0,0.0,0.0,0.0,0.0,97.0,17.0,0.073,Positive,18000000.0
346853,Romano Schmid,€17.00m,26.0,9.45,17000000,0.7216,170.0,0.0,37.0,54.0,8216.0,87.0,17.0,0.05,Neutral,17000000.0
667457,Leon Avdullahu,€17.00m,21.0,2.97,17000000,7.967,680.0,0.0,0.0,0.0,0.0,17.0,4.0,0.0,Neutral,17000000.0
232454,Nadiem Amiri,€17.00m,29.0,11.28,22000000,0.5767,220.0,22.73,49.0,51.0,11118.0,318.0,49.0,0.26,Positive,17000000.0
467434,Rocco Reitz,€17.00m,23.0,5.3,17000000,2.0033,340.0,0.0,0.0,0.0,0.0,217.0,38.0,0.029,Neutral,17000000.0
429874,Ansgar Knauff,€15.00m,24.0,5.26,15000000,1.4003,100.0,0.0,0.0,0.0,0.0,146.0,16.0,0.055,Positive,15000000.0
328784,Robin Koch,€15.00m,29.0,11.39,18000000,0.7536,720.0,16.67,15.0,10.0,11296.0,375.0,72.0,-0.026,Neutral,15000000.0
684315,Nnamdi Collins,€15.00m,22.0,2.97,18000000,2.149,36.0,16.67,0.0,0.0,0.0,92.0,26.0,0.0,Neutral,15000000.0
855015,Farès Chaïbi,€15.00m,23.0,3.55,18000000,3.9903,360.0,16.67,0.0,0.0,0.0,17.0,3.0,0.2,Positive,15000000.0
668606,Yuito Suzuki,€15.00m,24.0,4.89,15000000,1.2266,50.0,0.0,0.0,0.0,0.0,67.0,14.0,0.05,Neutral,15000000.0
153084,Leon Goretzka,€15.00m,31.0,13.46,70000000,0.2702,116.67,78.57,97.0,77.0,10507.0,278.0,46.0,0.12,Positive,15000000.0
952779,Andrija Maksimovic,€15.00m,18.0,2.23,15000000,3.5833,30.0,0.0,0.0,0.0,0.0,0.0,0.0,-0.005,Neutral,15000000.0
787912,El Chadaille Bitshiabu,€15.00m,20.0,4.37,18000000,1.1779,36.0,16.67,0.0,0.0,0.0,128.0,30.0,0.133,Positive,15000000.0
387106,Lovro Majer,€15.00m,28.0,9.26,27000000,0.6441,180.0,44.44,54.0,66.0,5915.0,278.0,49.0,0.213,Positive,15000000.0
923945,Noahkai Banks,€15.00m,19.0,1.48,15000000,21.5309,100.0,0.0,0.0,0.0,0.0,0.0,0.0,0.127,Positive,15000000.0
533295,Patrick Wimmer,€15.00m,24.0,6.46,18000000,1.1723,180.0,16.67,0.0,0.0,0.0,260.0,47.0,0.0,Neutral,15000000.0
406625,Lautaro Martínez,€85.00m,28.0,9.88,110000000,0.9795,1100.0,22.73,181.0,57.0,5213.0,242.0,40.0,0.1,Positive,85000000.0
315853,Alessandro Bastoni,€80.00m,26.0,9.18,80000000,1.1367,1066.67,0.0,20.0,25.0,11892.0,170.0,31.0,0.28,Positive,80000000.0
845654,Kenan Yıldız,€75.00m,20.0,2.51,75000000,4.5724,75.0,0.0,0.0,0.0,0.0,105.0,12.0,0.075,Positive,75000000.0
357164,Rafael Leão,€70.00m,26.0,8.29,90000000,0.815,180.0,22.22,94.0,68.0,5201.0,321.0,69.0,0.0,Neutral,70000000.0
948294,Nico Paz,€65.00m,21.0,2.85,65000000,2.3961,32.5,0.0,0.0,0.0,0.0,0.0,0.0,0.06,Positive,65000000.0
315779,Christian Pulisic,€60.00m,27.0,9.92,60000000,0.6206,120.0,0.0,93.0,83.0,7941.0,471.0,76.0,0.197,Positive,60000000.0
255942,Nicolò Barella,€60.00m,29.0,12.82,80000000,0.7382,1600.0,25.0,36.0,68.0,13923.0,204.0,49.0,0.226,Positive,60000000.0
318528,Marcus Thuram,€60.00m,28.0,10.3,75000000,0.6729,250.0,20.0,101.0,59.0,5923.0,213.0,33.0,-0.105,Negative,60000000.0
624690,Manu Koné,€50.00m,24.0,6.24,50000000,1.5371,333.33,0.0,0.0,0.0,0.0,293.0,31.0,0.0,Neutral,50000000.0
198116,Federico Dimarco,€50.00m,28.0,11.27,60000000,0.6745,400.0,16.67,29.0,52.0,5069.0,312.0,77.0,-0.013,Neutral,50000000.0
315969,Scott McTominay,€45.00m,29.0,7.97,50000000,0.612,50.0,10.0,46.0,14.0,8130.0,340.0,70.0,0.0,Neutral,45000000.0
386446,Alessandro Buongiorno,€45.00m,26.0,9.11,50000000,1.1107,1000.0,10.0,10.0,9.0,10212.0,294.0,46.0,0.07,Positive,45000000.0
610442,Rasmus Højlund,€45.00m,23.0,5.0,65000000,2.1296,433.33,30.77,0.0,0.0,0.0,128.0,20.0,-0.155,Negative,45000000.0
364135,Moise Kean,€45.00m,25.0,9.11,50000000,0.6066,83.33,10.0,115.0,16.0,3236.0,261.0,45.0,0.055,Positive,45000000.0
368887,Loïs Openda,€40.00m,15.0,7.39,60000000,1.0472,300.0,33.33,105.0,39.0,3608.0,6.0,1.0,0.04,Neutral,40000000.0
463618,Khéphren Thuram,€40.00m,16.0,6.85,40000000,0.8954,80.0,0.0,0.0,0.0,0.0,136.0,16.0,0.02,Neutral,40000000.0
607854,Éderson,€40.00m,17.0,6.84,50000000,1.3997,500.0,20.0,0.0,0.0,0.0,58.0,8.0,0.1,Positive,40000000.0
435772,Charles De Ketelaere,€35.00m,18.0,6.28,38000000,1.5424,380.0,7.89,0.0,0.0,0.0,95.0,21.0,0.223,Positive,35000000.0
357498,Dušan Vlahović,€35.00m,19.0,9.57,85000000,0.5589,170.0,58.82,132.0,24.0,3673.0,259.0,30.0,-0.06,Negative,35000000.0
338670,Mile Svilar,€35.00m,20.0,9.44,35000000,0.6288,100.0,0.0,0.0,1.0,16179.0,68.0,14.0,0.235,Positive,35000000.0
668951,Matías Soulé,€35.00m,21.0,4.01,35000000,0.9317,14.0,0.0,0.0,0.0,0.0,59.0,16.0,0.22,Positive,35000000.0
964580,Wesley,€35.00m,22.0,3.35,35000000,4.1024,233.33,0.0,0.0,0.0,0.0,46.0,9.0,-0.031,Neutral,35000000.0
516716,Bremer,€35.00m,23.0,8.15,60000000,0.6027,80.0,41.67,0.0,0.0,0.0,389.0,61.0,-0.05,Neutral,35000000.0
441986,Yann Bisseck,€35.00m,24.0,7.99,35000000,0.8566,140.0,0.0,0.0,0.0,0.0,259.0,28.0,0.12,Positive,35000000.0
533738,Jonathan David,€35.00m,25.0,7.55,60000000,1.1735,600.0,41.67,0.0,0.0,0.0,15.0,3.0,-0.2,Negative,35000000.0
827734,Ange-Yoan Bonny,€35.00m,26.0,3.98,35000000,2.9304,233.33,0.0,0.0,0.0,0.0,4.0,1.0,0.155,Positive,35000000.0
930781,Pio Esposito,€35.00m,27.0,2.31,35000000,2.9211,23.33,0.0,0.0,0.0,0.0,28.0,2.0,0.12,Positive,35000000.0
849520,Santiago Castro,€35.00m,28.0,3.58,35000000,4.1271,350.0,0.0,0.0,0.0,0.0,14.0,2.0,0.02,Neutral,35000000.0
344381,Christopher Nkunku,€32.00m,29.0,9.88,80000000,0.6338,320.0,60.0,113.0,71.0,6238.0,475.0,86.0,0.0,Neutral,32000000.0
608172,Ardon Jashari,€32.00m,30.0,5.4,32000000,2.7653,1280.0,0.0,0.0,0.0,0.0,93.0,14.0,0.02,Neutral,32000000.0
1061282,Assane Diao,€30.00m,31.0,2.48,30000000,6.5217,150.0,0.0,20.0,6.0,1914.0,91.0,7.0,0.033,Neutral,30000000.0
1190411,Jesús Rodríguez,€30.00m,32.0,1.74,30000000,57.2874,1200.0,0.0,12.0,6.0,1855.0,0.0,0.0,0.005,Neutral,30000000.0
459658,Andrea Cambiaso,€30.00m,33.0,7.98,40000000,1.1185,533.33,25.0,0.0,0.0,0.0,443.0,50.0,0.0,Neutral,30000000.0
371149,Evan Ndicka,€30.00m,34.0,8.76,32000000,0.9175,320.0,6.25,13.0,16.0,9917.0,115.0,32.0,0.04,Neutral,30000000.0
618341,Mario Gila,€30.00m,35.0,6.29,30000000,1.4778,300.0,0.0,0.0,0.0,0.0,100.0,13.0,0.2,Positive,30000000.0
487474,Francisco Conceição,€30.00m,36.0,5.14,36000000,1.141,60.0,16.67,0.0,0.0,0.0,178.0,34.0,0.1,Positive,30000000.0
668207,Petar Sučić,€30.00m,37.0,3.53,30000000,3.4929,200.0,0.0,0.0,0.0,0.0,82.0,12.0,0.119,Positive,30000000.0
433984,Sam Beukema,€28.00m,38.0,8.48,28000000,1.1092,560.0,0.0,0.0,0.0,0.0,185.0,32.0,0.045,Neutral,28000000.0
569598,Youssouf Fofana,€28.00m,39.0,7.3,30000000,1.0477,200.0,6.67,0.0,0.0,0.0,89.0,21.0,0.067,Positive,28000000.0
574671,Strahinja Pavlović,€28.00m,40.0,6.95,28000000,1.4869,560.0,0.0,0.0,0.0,0.0,31.0,3.0,0.0,Neutral,28000000.0
469822,David Neres,€28.00m,41.0,8.89,45000000,0.1688,6.43,37.78,0.0,0.0,0.0,632.0,86.0,0.193,Positive,28000000.0
360518,Teun Koopmeiners,€28.00m,42.0,8.48,55000000,0.6767,157.14,49.09,81.0,35.0,9196.0,236.0,38.0,0.0,Neutral,28000000.0
525704,Nicolò Rovella,€28.00m,43.0,5.49,30000000,0.9105,37.5,6.67,0.0,0.0,0.0,257.0,45.0,0.067,Positive,28000000.0
394300,Davide Frattesi,€28.00m,44.0,9.18,35000000,0.9059,466.67,20.0,59.0,26.0,5116.0,119.0,14.0,-0.04,Neutral,28000000.0
585949,Pierre Kalulu,€28.00m,45.0,5.15,35000000,1.185,70.0,20.0,0.0,0.0,0.0,252.0,50.0,0.01,Neutral,28000000.0
585982,Carlos Augusto,€26.00m,27.0,7.59,26000000,1.2803,520.0,0.0,0.0,0.0,0.0,82.0,17.0,0.22,Positive,26000000.0
182906,Mike Maignan,€25.00m,30.0,12.48,45000000,0.4464,180.0,44.44,0.0,0.0,35096.0,383.0,77.0,0.26,Positive,25000000.0
1077175,Honest Ahanor,€25.00m,17.0,1.49,25000000,7.6131,25.0,0.0,7.0,2.0,1394.0,145.0,20.0,0.193,Positive,25000000.0
354361,Frank Anguissa,€25.00m,30.0,10.3,40000000,0.7095,400.0,37.5,15.0,25.0,5053.0,238.0,42.0,0.021,Neutral,25000000.0
265088,Manuel Locatelli,€25.00m,28.0,11.27,35000000,0.6745,466.67,28.57,20.0,29.0,9403.0,132.0,27.0,-0.023,Neutral,25000000.0
381950,Alexis Saelemaekers,€25.00m,26.0,7.56,25000000,0.577,31.25,0.0,23.0,35.0,6147.0,296.0,64.0,-0.02,Neutral,25000000.0
467992,Samuele Ricci,€25.00m,24.0,6.31,30000000,1.2494,200.0,16.67,0.0,0.0,0.0,166.0,32.0,0.02,Neutral,25000000.0
503075,Isak Hien,€25.00m,27.0,4.54,30000000,3.5802,1200.0,16.67,0.0,0.0,0.0,118.0,23.0,0.01,Neutral,25000000.0
459763,Marco Carnesecchi,€25.00m,25.0,6.59,25000000,0.957,83.33,0.0,0.0,0.0,0.0,228.0,42.0,0.1,Positive,25000000.0
668547,Máximo Perrone,€25.00m,23.0,3.58,25000000,1.0233,12.5,0.0,0.0,0.0,0.0,129.0,29.0,0.13,Positive,25000000.0
326029,Donyell Malen,€25.00m,27.0,8.27,40000000,0.7924,200.0,37.5,130.0,54.0,4452.0,449.0,43.0,0.213,Positive,25000000.0
648046,Evan Ferguson,€25.00m,21.0,4.22,65000000,1.6665,162.5,61.54,0.0,0.0,0.0,225.0,29.0,0.32,Positive,25000000.0
571604,Giorgio Scalvini,€25.00m,22.0,4.19,45000000,1.5429,90.0,44.44,0.0,0.0,0.0,411.0,65.0,0.24,Positive,25000000.0
315867,Gianluca Scamacca,€25.00m,27.0,9.92,35000000,0.7451,350.0,28.57,83.0,15.0,3823.0,711.0,116.0,0.124,Positive,25000000.0
368482,Riccardo Orsolini,€25.00m,29.0,10.06,25000000,0.781,333.33,0.0,104.0,49.0,2961.0,231.0,32.0,-0.06,Negative,25000000.0
413565,Jhon Lucumí,€25.00m,27.0,9.77,25000000,0.7593,250.0,0.0,4.0,5.0,4852.0,151.0,27.0,0.09,Positive,25000000.0
321528,Denzel Dumfries,€25.00m,29.0,11.15,35000000,0.8582,1400.0,28.57,45.0,59.0,14810.0,110.0,26.0,0.255,Positive,25000000.0
895937,Marco Palestra,€25.00m,20.0,2.48,25000000,6.0042,125.0,0.0,0.0,0.0,0.0,49.0,7.0,0.006,Neutral,25000000.0
746712,Pietro Comuzzo,€23.00m,21.0,2.48,25000000,6.6055,166.67,8.0,0.0,0.0,0.0,51.0,3.0,0.05,Neutral,23000000.0
470394,Kenneth Taylor,€23.00m,23.0,6.42,28000000,0.704,37.33,17.86,0.0,0.0,0.0,73.0,20.0,0.0,Neutral,23000000.0
691316,Luis Henrique,€23.00m,24.0,5.84,25000000,0.3223,5.56,8.0,0.0,0.0,0.0,23.0,5.0,0.107,Positive,23000000.0
332697,Weston McKennie,€22.00m,27.0,8.51,28000000,0.8845,280.0,21.43,27.0,31.0,7125.0,293.0,55.0,0.075,Positive,22000000.0
405885,Giacomo Raspadori,€22.00m,26.0,7.45,35000000,0.8794,175.0,37.14,79.0,27.0,2783.0,96.0,16.0,-0.08,Negative,22000000.0
357992,Raoul Bellanova,€22.00m,25.0,6.59,24000000,0.5988,24.0,8.33,9.0,28.0,11492.0,51.0,15.0,0.029,Neutral,22000000.0
644771,Odilon Kossounou,€22.00m,25.0,6.49,35000000,0.374,12.5,37.14,0.0,0.0,0.0,216.0,29.0,-0.08,Negative,22000000.0
126414,Hakan Çalhanoğlu,€22.00m,32.0,13.88,45000000,0.4325,300.0,51.11,132.0,133.0,14016.0,206.0,55.0,0.26,Positive,22000000.0
284730,Manuel Akanji,€22.00m,30.0,11.28,45000000,0.6131,450.0,51.11,17.0,10.0,13427.0,322.0,60.0,0.11,Positive,22000000.0
257474,Vanja Milinković-Savić,€20.00m,29.0,11.12,20000000,0.3436,26.67,0.0,0.0,1.0,19979.0,116.0,19.0,0.0,Neutral,20000000.0
423744,Billy Gilmour,€20.00m,24.0,6.25,20000000,0.3951,8.0,0.0,0.0,0.0,0.0,223.0,38.0,0.0,Neutral,20000000.0
480116,Lloyd Kelly,€20.00m,27.0,8.26,20000000,0.8988,200.0,0.0,0.0,0.0,0.0,616.0,83.0,0.0,Neutral,20000000.0
496857,Edon Zhegrova,€20.00m,26.0,8.41,25000000,0.7888,166.67,20.0,0.0,0.0,0.0,517.0,70.0,0.15,Positive,20000000.0
509022,Federico Gatti,€20.00m,27.0,6.48,25000000,1.804,1000.0,20.0,0.0,0.0,0.0,67.0,10.0,0.11,Positive,20000000.0
428563,Lewis Ferguson,€20.00m,26.0,7.81,28000000,0.8717,186.67,28.57,0.0,0.0,0.0,325.0,49.0,0.08,Positive,20000000.0
490384,Koni De Winter,€20.00m,23.0,4.48,22000000,1.3937,55.0,9.09,0.0,0.0,0.0,261.0,46.0,0.0,Neutral,20000000.0
552955,Santiago Gimenez,€20.00m,24.0,6.36,50000000,1.2995,500.0,60.0,0.0,0.0,0.0,114.0,21.0,0.02,Neutral,20000000.0
432298,Zion Suzuki,€20.00m,23.0,6.59,20000000,1.4832,400.0,0.0,0.0,0.0,0.0,0.0,0.0,0.025,Neutral,20000000.0
434433,Nikola Krstović,€20.00m,25.0,9.33,24000000,0.9012,480.0,16.67,0.0,0.0,0.0,19.0,5.0,0.074,Positive,20000000.0
182913,Adrien Rabiot,€20.00m,30.0,13.41,50000000,0.3387,125.0,60.0,57.0,39.0,15163.0,155.0,23.0,0.1,Positive,20000000.0
463665,Oumar Solet,€20.00m,26.0,7.91,20000000,0.4603,20.0,0.0,0.0,0.0,0.0,463.0,56.0,0.05,Neutral,20000000.0
303254,Fikayo Tomori,€20.00m,28.0,8.82,50000000,0.6436,200.0,60.0,18.0,9.0,13378.0,169.0,35.0,0.185,Positive,20000000.0
901019,Neil El Aynaoui,€20.00m,24.0,4.38,20000000,2.0555,133.33,0.0,0.0,0.0,0.0,116.0,17.0,0.08,Positive,20000000.0
323167,Matteo Gabbia,€20.00m,26.0,9.14,20000000,0.842,266.67,0.0,12.0,4.0,6564.0,171.0,28.0,-0.086,Negative,20000000.0
343537,Artem Dovbyk,€20.00m,28.0,9.62,35000000,0.8641,700.0,42.86,131.0,31.0,2980.0,435.0,48.0,0.212,Positive,20000000.0
747720,Jayden Addai,€20.00m,20.0,3.5,20000000,3.0442,133.33,0.0,0.0,0.0,0.0,111.0,23.0,0.063,Positive,20000000.0
376514,Mathías Olivera,€18.00m,28.0,9.83,20000000,0.6964,200.0,10.0,6.0,15.0,6567.0,322.0,51.0,0.0,Neutral,18000000.0
887638,Davide Bartesaghi,€18.00m,20.0,2.01,18000000,3.2135,18.0,0.0,0.0,0.0,0.0,4.0,1.0,0.0,Neutral,18000000.0
503991,Yunus Musah,€18.00m,23.0,6.09,25000000,1.0939,125.0,28.0,0.0,0.0,0.0,102.0,17.0,0.14,Positive,18000000.0
401529,Dodô,€18.00m,27.0,9.57,24000000,0.454,48.0,25.0,9.0,32.0,6370.0,204.0,37.0,0.0,Neutral,18000000.0
301238,Michele Di Gregorio,€18.00m,28.0,11.27,18000000,0.6264,240.0,0.0,0.0,1.0,29788.0,41.0,8.0,-0.08,Negative,18000000.0
746695,Kamaldeen Sulemana,€18.00m,24.0,5.79,22000000,1.4517,220.0,18.18,0.0,0.0,0.0,283.0,54.0,-0.019,Neutral,18000000.0
459151,Nicolò Cambiaghi,€18.00m,25.0,6.52,18000000,0.7931,45.0,0.0,0.0,0.0,0.0,221.0,39.0,0.0,Neutral,18000000.0
192735,Stanislav Lobotka,€18.00m,31.0,13.92,40000000,0.604,1600.0,55.0,8.0,18.0,9217.0,221.0,47.0,0.12,Positive,18000000.0
711976,Andy Diouf,€18.00m,22.0,4.38,18000000,1.6546,72.0,0.0,0.0,0.0,0.0,0.0,0.0,0.092,Positive,18000000.0
948278,Jacobo Ramón,€18.00m,21.0,2.2,18000000,9.644,180.0,0.0,0.0,0.0,0.0,17.0,3.0,0.06,Positive,18000000.0
503871,Morten Frendrup,€18.00m,24.0,7.01,20000000,1.0984,200.0,10.0,0.0,0.0,0.0,18.0,1.0,0.0,Neutral,18000000.0
580451,Martin Baturina,€18.00m,23.0,4.99,22000000,1.1458,55.0,18.18,0.0,0.0,0.0,11.0,2.0,0.137,Positive,18000000.0
487469,Vitinha,€110.00m,26.0,5.96,110000000,1.0564,73.33,0.0,0.0,0.0,0.0,35.0,6.0,0.137,Positive,110000000.0
670681,João Neves,€110.00m,21.0,3.47,110000000,4.049,275.0,0.0,0.0,0.0,0.0,0.0,0.0,0.17,Positive,110000000.0
288230,Ousmane Dembélé,€100.00m,28.0,10.19,120000000,0.8,480.0,16.67,105.0,101.0,7312.0,645.0,103.0,0.187,Positive,100000000.0
502670,Khvicha Kvaratskhelia,€90.00m,25.0,8.02,90000000,1.2715,720.0,0.0,0.0,0.0,0.0,188.0,26.0,0.11,Positive,90000000.0
914562,Désiré Doué,€90.00m,20.0,3.71,90000000,3.3011,225.0,0.0,0.0,0.0,0.0,116.0,24.0,0.11,Positive,90000000.0
398073,Achraf Hakimi,€80.00m,27.0,9.28,80000000,0.8621,320.0,0.0,50.0,74.0,9939.0,122.0,15.0,0.16,Positive,80000000.0
616341,Nuno Mendes,€75.00m,23.0,5.33,75000000,0.5607,10.71,0.0,0.0,0.0,0.0,431.0,70.0,0.307,Positive,75000000.0
661171,Willian Pacho,€70.00m,24.0,5.17,70000000,2.5515,700.0,0.0,0.0,0.0,0.0,127.0,12.0,0.204,Positive,70000000.0
708265,Bradley Barcola,€70.00m,23.0,3.73,70000000,2.7593,140.0,0.0,0.0,0.0,0.0,23.0,5.0,0.104,Positive,70000000.0
659089,Ilya Zabarnyi,€50.00m,23.0,5.28,55000000,2.7011,1100.0,9.09,0.0,0.0,0.0,69.0,7.0,0.315,Positive,50000000.0
532826,Mason Greenwood,€50.00m,24.0,6.36,50000000,0.3624,7.14,0.0,0.0,0.0,0.0,144.0,24.0,0.0,Neutral,50000000.0
810092,Warren Zaïre-Emery,€50.00m,19.0,3.24,60000000,1.0359,12.0,16.67,0.0,0.0,0.0,45.0,12.0,0.12,Positive,50000000.0
745200,Maghnes Akliouche,€45.00m,23.0,4.0,45000000,2.5026,150.0,0.0,0.0,0.0,0.0,21.0,5.0,-0.013,Neutral,45000000.0
1097139,Ayyoub Bouaddi,€40.00m,18.0,1.99,40000000,1.8385,8.0,0.0,0.0,0.0,0.0,0.0,0.0,0.073,Positive,40000000.0
890719,Ethan Nwaneri,€40.00m,15.0,1.97,55000000,1.6145,9.17,27.27,0.0,0.0,0.0,18.0,5.0,-0.053,Negative,40000000.0
903693,Senny Mayulu,€40.00m,16.0,1.74,40000000,7.3186,40.0,0.0,0.0,0.0,0.0,58.0,9.0,0.1,Positive,40000000.0
350219,Fabián Ruiz,€40.00m,17.0,10.24,60000000,0.678,300.0,33.33,44.0,46.0,11815.0,188.0,32.0,0.088,Positive,40000000.0
463600,Lucas Chevalier,€35.00m,18.0,5.37,40000000,1.4276,133.33,12.5,0.0,0.0,0.0,72.0,13.0,0.105,Positive,35000000.0
550550,Gonçalo Ramos,€35.00m,19.0,5.96,50000000,0.9061,66.67,30.0,0.0,0.0,0.0,131.0,28.0,0.098,Positive,35000000.0
653610,Igor Paixão,€35.00m,20.0,4.34,35000000,1.6025,63.64,0.0,0.0,0.0,0.0,92.0,6.0,0.17,Positive,35000000.0
918969,Lamine Camara,€30.00m,21.0,2.5,30000000,6.4226,150.0,0.0,0.0,0.0,0.0,49.0,3.0,0.014,Neutral,30000000.0
743386,Malick Fofana,€30.00m,22.0,3.41,30000000,2.5525,75.0,0.0,0.0,0.0,0.0,59.0,11.0,0.08,Positive,30000000.0
181767,Marquinhos,€30.00m,23.0,13.87,75000000,0.4653,500.0,60.0,41.0,13.0,12951.0,229.0,47.0,0.0,Neutral,30000000.0
418659,Amine Gouiri,€28.00m,24.0,8.18,50000000,0.8958,333.33,44.0,86.0,38.0,2823.0,316.0,79.0,0.11,Positive,28000000.0
926694,Arthur Vermeeren,€28.00m,25.0,3.41,30000000,3.6431,200.0,6.67,0.0,0.0,0.0,27.0,7.0,0.062,Positive,28000000.0
559328,Emmanuel Emegha,€28.00m,26.0,5.17,28000000,1.6013,140.0,0.0,0.0,0.0,0.0,81.0,15.0,0.16,Positive,28000000.0
334526,Denis Zakaria,€25.00m,27.0,10.49,45000000,0.6924,450.0,44.44,43.0,18.0,12505.0,498.0,69.0,-0.08,Negative,25000000.0
557149,Kang-in Lee,€25.00m,28.0,7.55,30000000,1.0787,300.0,16.67,0.0,0.0,0.0,95.0,20.0,0.1,Positive,25000000.0
420213,Quinten Timber,€25.00m,29.0,6.42,35000000,1.1207,175.0,28.57,31.0,36.0,6877.0,531.0,97.0,0.16,Positive,25000000.0
1185888,Ibrahim Mbaye,€25.00m,30.0,1.19,25000000,7.3782,12.5,0.0,16.0,22.0,1383.0,29.0,0.0,0.05,Neutral,25000000.0
971570,Endrick,€25.00m,31.0,3.32,60000000,0.1666,4.0,58.33,0.0,0.0,0.0,90.0,11.0,0.02,Neutral,25000000.0
849410,Valentín Barco,€25.00m,32.0,4.51,25000000,2.9644,500.0,0.0,0.0,0.0,0.0,17.0,2.0,0.02,Neutral,25000000.0
1064871,Joaquín Panichelli,€25.00m,33.0,3.14,25000000,8.0397,1000.0,0.0,28.0,8.0,1108.0,198.0,19.0,0.2,Positive,25000000.0
652275,Hákon Arnar Haraldsson,€22.00m,34.0,4.53,22000000,2.2882,220.0,0.0,0.0,0.0,0.0,74.0,17.0,0.122,Positive,22000000.0
503770,Folarin Balogun,€22.00m,35.0,4.99,30000000,0.4069,7.5,26.67,0.0,0.0,0.0,241.0,48.0,0.18,Positive,22000000.0
565821,Mika Biereth,€22.00m,36.0,3.5,30000000,1.7972,50.0,26.67,0.0,0.0,0.0,176.0,34.0,-0.15,Negative,22000000.0
658536,Simon Adingra,€22.00m,37.0,6.08,30000000,2.051,1200.0,26.67,0.0,0.0,0.0,49.0,10.0,0.0,Neutral,22000000.0
361914,Nayef Aguerd,€22.00m,38.0,8.16,38000000,0.6926,126.67,42.11,22.0,5.0,9673.0,140.0,27.0,0.027,Neutral,22000000.0
912902,Guillaume Restes,€20.00m,39.0,2.26,20000000,1.7682,10.0,0.0,0.0,0.0,0.0,34.0,5.0,0.355,Positive,20000000.0
648020,Alexsandro,€20.00m,40.0,4.11,20000000,1.9046,80.0,0.0,0.0,0.0,0.0,0.0,0.0,0.06,Positive,20000000.0
724129,Matías Fernández-Pardo,€20.00m,41.0,2.15,20000000,5.1875,50.0,0.0,0.0,0.0,0.0,53.0,13.0,-0.053,Negative,20000000.0
789082,Vanderson,€20.00m,42.0,4.85,20000000,1.2418,50.0,0.0,0.0,0.0,0.0,141.0,23.0,0.073,Positive,20000000.0
659543,Matthis Abline,€20.00m,43.0,4.36,22000000,1.4535,55.0,9.09,0.0,0.0,0.0,0.0,0.0,0.05,Neutral,20000000.0
353366,Benjamin Pavard,€20.00m,44.0,10.46,50000000,0.5206,200.0,60.0,17.0,18.0,7697.0,318.0,51.0,-0.027,Neutral,20000000.0
370846,Timothy Weah,€20.00m,45.0,7.53,20000000,0.4885,20.0,0.0,30.0,17.0,3451.0,603.0,88.0,0.232,Positive,20000000.0
474800,Facundo Medina,€20.00m,26.0,7.61,25000000,1.1985,500.0,20.0,0.0,0.0,0.0,88.0,12.0,0.017,Neutral,20000000.0
575998,Leonardo Balerdi,€20.00m,27.0,6.99,20000000,0.3463,8.0,0.0,0.0,0.0,0.0,191.0,34.0,-0.064,Negative,20000000.0
872171,Lucas Beraldo,€20.00m,22.0,3.69,30000000,1.0164,20.0,33.33,0.0,0.0,0.0,21.0,5.0,0.027,Neutral,20000000.0
660867,Julio Enciso,€20.00m,22.0,5.79,22000000,1.1321,88.0,9.09,0.0,0.0,0.0,395.0,67.0,0.02,Neutral,20000000.0
1004301,Jérémy Jacquet,€20.00m,20.0,2.47,20000000,10.3152,400.0,0.0,7.0,3.0,1868.0,40.0,9.0,-0.053,Negative,20000000.0
281963,Lucas Hernández,€20.00m,30.0,10.31,70000000,0.3373,70.0,71.43,7.0,15.0,6452.0,716.0,107.0,0.009,Neutral,20000000.0
228948,Thilo Kehrer,€18.00m,29.0,10.46,35000000,0.5052,140.0,48.57,22.0,18.0,9388.0,331.0,80.0,0.225,Positive,18000000.0
263918,Aleksandr Golovin,€18.00m,29.0,12.32,30000000,0.6123,600.0,40.0,52.0,56.0,7367.0,358.0,37.0,-0.16,Negative,18000000.0
885445,Hamza Igamane,€18.00m,23.0,4.38,18000000,3.4987,720.0,0.0,0.0,0.0,0.0,0.0,0.0,0.03,Neutral,18000000.0
167799,Pierre-Emile Højbjerg,€18.00m,30.0,13.33,45000000,0.6383,1800.0,60.0,33.0,35.0,8901.0,179.0,34.0,0.0,Neutral,18000000.0
655006,Diego Moreira,€18.00m,21.0,3.47,18000000,1.4997,24.0,0.0,0.0,0.0,0.0,12.0,2.0,-0.06,Negative,18000000.0
711980,Guéla Doué,€18.00m,23.0,3.24,18000000,3.0121,90.0,0.0,0.0,0.0,0.0,3.0,1.0,0.1,Positive,18000000.0
786436,Ismaël Doukouré,€18.00m,22.0,5.09,18000000,1.5603,120.0,0.0,0.0,0.0,0.0,163.0,26.0,0.1,Positive,18000000.0
618494,Tyler Morton,€18.00m,23.0,4.19,18000000,1.6542,60.0,0.0,0.0,0.0,0.0,63.0,14.0,0.0,Neutral,18000000.0
420064,Caio Henrique,€15.00m,28.0,8.33,20000000,0.5995,66.67,25.0,5.0,47.0,8014.0,270.0,33.0,0.35,Positive,15000000.0
597659,Charlie Cresswell,€15.00m,23.0,4.74,15000000,1.4842,75.0,0.0,0.0,0.0,0.0,99.0,14.0,0.073,Positive,15000000.0
808348,Mamadou Sangaré,€15.00m,23.0,5.28,15000000,1.1729,60.0,0.0,0.0,0.0,0.0,21.0,4.0,0.0,Neutral,15000000.0
1005240,Christian Mawissa,€15.00m,20.0,3.12,15000000,3.9868,150.0,0.0,2.0,0.0,558.0,33.0,6.0,0.137,Positive,15000000.0
391065,Hamed Traoré,€15.00m,26.0,9.08,22000000,0.736,220.0,31.82,49.0,28.0,4201.0,360.0,48.0,0.0,Neutral,15000000.0
288225,Ludovic Blas,€15.00m,28.0,10.4,22000000,0.5574,146.67,31.82,66.0,39.0,8088.0,37.0,4.0,0.01,Neutral,15000000.0
461607,Estéban Lepaul,€15.00m,25.0,3.97,15000000,2.1926,100.0,0.0,0.0,0.0,0.0,18.0,3.0,-0.065,Negative,15000000.0
579928,Sebastian Nanasi,€15.00m,23.0,5.36,18000000,1.5464,180.0,16.67,0.0,0.0,0.0,0.0,0.0,-0.06,Negative,15000000.0
318470,Matvey Safonov,€15.00m,26.0,10.31,22000000,0.5202,110.0,31.82,0.0,0.0,22727.0,181.0,19.0,0.273,Positive,15000000.0
931160,Djaoui Cissé,€15.00m,22.0,1.74,15000000,16.771,150.0,0.0,0.0,0.0,0.0,0.0,0.0,0.025,Neutral,15000000.0
834397,Mike Penders,€15.00m,20.0,3.2,15000000,2.8624,75.0,0.0,0.0,0.0,0.0,6.0,1.0,0.06,Positive,15000000.0
291200,Moussa Niakhaté,€15.00m,29.0,10.7,18000000,0.5381,120.0,16.67,11.0,9.0,11758.0,240.0,48.0,0.06,Positive,15000000.0
655217,Samson Baidoo,€12.00m,21.0,4.45,12000000,2.1247,160.0,0.0,0.0,0.0,0.0,116.0,23.0,0.0,Neutral,12000000.0
463613,Yann Gboho,€12.00m,25.0,7.14,12000000,0.8468,80.0,0.0,0.0,0.0,0.0,136.0,20.0,0.064,Positive,12000000.0
816580,Tiago Santos,€12.00m,23.0,3.25,15000000,2.1145,50.0,20.0,0.0,0.0,0.0,0.0,0.0,0.025,Neutral,12000000.0
1016015,Ngal'ayel Mukau,€12.00m,21.0,2.74,15000000,3.4681,75.0,20.0,5.0,1.0,2217.0,69.0,12.0,-0.033,Neutral,12000000.0
316125,Ben Chilwell,€12.00m,29.0,9.81,50000000,0.2884,50.0,76.0,16.0,29.0,6214.0,583.0,116.0,-0.113,Negative,12000000.0
670096,Tanner Tessmann,€12.00m,24.0,6.14,12000000,1.1806,120.0,0.0,0.0,0.0,0.0,0.0,0.0,0.24,Positive,12000000.0
926978,Lucas Høgsberg,€12.00m,19.0,2.47,12000000,4.2388,60.0,0.0,0.0,0.0,0.0,0.0,0.0,0.0,Neutral,12000000.0
955070,Ernest Nuamah,€12.00m,22.0,3.49,20000000,2.5124,133.33,40.0,0.0,0.0,0.0,197.0,16.0,0.082,Positive,12000000.0
1145504,Aarón Anselmino,€12.00m,20.0,2.46,12000000,5.9942,120.0,0.0,2.0,3.0,450.0,229.0,44.0,0.03,Neutral,12000000.0
165793,Takumi Minamino,€12.00m,31.0,12.45,20000000,0.345,66.67,40.0,117.0,69.0,8013.0,137.0,32.0,0.173,Positive,12000000.0
320748,Sebastian Szymanski,€12.00m,26.0,8.9,20000000,0.6359,133.33,40.0,57.0,78.0,10137.0,103.0,15.0,0.109,Positive,12000000.0
237662,Breel Embolo,€12.00m,29.0,11.61,22000000,0.5106,220.0,45.45,97.0,63.0,5613.0,825.0,114.0,0.002,Neutral,12000000.0
659542,Elye Wahi,€12.00m,23.0,4.78,40000000,0.3364,13.33,70.0,0.0,0.0,0.0,58.0,10.0,0.0,Neutral,12000000.0
292808,Wout Faes,€12.00m,27.0,9.39,20000000,0.4574,57.14,40.0,13.0,5.0,14331.0,19.0,3.0,-0.06,Negative,12000000.0
364245,Jordan Teze,€12.00m,26.0,7.79,18000000,0.8486,180.0,33.33,12.0,35.0,7791.0,134.0,27.0,-0.149,Negative,12000000.0
560593,Hicham Boudaoui,€12.00m,26.0,7.85,15000000,1.0102,300.0,20.0,0.0,0.0,0.0,296.0,49.0,0.223,Positive,12000000.0
581669,CJ Egan-Riley,€12.00m,23.0,4.19,16000000,1.1333,32.0,25.0,0.0,0.0,0.0,38.0,2.0,0.1,Positive,12000000.0
500053,Pavel Sulc,€12.00m,25.0,7.99,12000000,0.9858,240.0,0.0,0.0,0.0,0.0,62.0,11.0,0.05,Neutral,12000000.0
1241207,Tylel Tati,€12.00m,18.0,0.32,12000000,74.7718,4.0,0.0,0.0,0.0,0.0,0.0,0.0,0.04,Neutral,12000000.0
557613,Quentin Merlin,€12.00m,23.0,4.77,15000000,1.3596,75.0,20.0,0.0,0.0,0.0,159.0,32.0,0.0,Neutral,12000000.0
739769,Ilan Kebbal,€12.00m,27.0,5.09,12000000,0.702,15.0,0.0,0.0,0.0,0.0,59.0,3.0,-0.043,Neutral,12000000.0
414908,Marshall Munetsi,€12.00m,29.0,9.93,15000000,0.8618,600.0,20.0,26.0,17.0,5404.0,110.0,15.0,-0.001,Neutral,12000000.0
190393,Corentin Tolisso,€12.00m,31.0,11.36,45000000,0.3229,90.0,73.33,65.0,45.0,10849.0,232.0,42.0,-0.03,Neutral,12000000.0
670847,Mohamed-Ali Cho,€12.00m,22.0,5.17,15000000,0.6891,18.75,20.0,0.0,0.0,0.0,205.0,41.0,0.12,Positive,12000000.0
569389,Sofiane Diop,€10.00m,25.0,7.27,20000000,0.18,6.67,50.0,0.0,0.0,0.0,439.0,68.0,0.113,Positive,10000000.0
532775,Melvin Bard,€10.00m,25.0,5.37,15000000,0.4241,10.0,33.33,0.0,0.0,0.0,146.0,25.0,0.242,Positive,10000000.0
191056,Brice Samba,€10.00m,31.0,14.35,15000000,0.4464,300.0,33.33,0.0,1.0,31038.0,11.0,1.0,0.074,Positive,10000000.0
548254,Nathan Ngoy,€10.00m,22.0,4.52,10000000,1.3748,50.0,0.0,0.0,0.0,0.0,678.0,71.0,0.047,Neutral,10000000.0
580657,Osame Sahraoui,€10.00m,24.0,5.39,12000000,1.0661,60.0,16.67,0.0,0.0,0.0,0.0,0.0,0.14,Positive,10000000.0
